#
# TABLE STRUCTURE FOR: likes
#

DROP TABLE IF EXISTS `likes`;

CREATE TABLE `likes` (
  `id` int(10) unsigned NOT NULL AUTO_INCREMENT,
  `author_id` int(10) unsigned NOT NULL,
  `id_type_content_like` int(10) unsigned NOT NULL,
  `created_at` datetime DEFAULT current_timestamp(),
  PRIMARY KEY (`id`)
) ENGINE=InnoDB AUTO_INCREMENT=101 DEFAULT CHARSET=utf8 COLLATE=utf8_unicode_ci;

INSERT INTO `likes` (`id`, `author_id`, `id_type_content_like`, `created_at`) VALUES (1, 60, 1, '1984-04-06 01:24:59');
INSERT INTO `likes` (`id`, `author_id`, `id_type_content_like`, `created_at`) VALUES (2, 71, 1, '1984-05-25 04:11:35');
INSERT INTO `likes` (`id`, `author_id`, `id_type_content_like`, `created_at`) VALUES (3, 98, 2, '1986-05-12 16:34:03');
INSERT INTO `likes` (`id`, `author_id`, `id_type_content_like`, `created_at`) VALUES (4, 22, 1, '2008-06-03 08:30:00');
INSERT INTO `likes` (`id`, `author_id`, `id_type_content_like`, `created_at`) VALUES (5, 26, 3, '1971-06-21 18:13:27');
INSERT INTO `likes` (`id`, `author_id`, `id_type_content_like`, `created_at`) VALUES (6, 12, 3, '1995-07-01 13:29:01');
INSERT INTO `likes` (`id`, `author_id`, `id_type_content_like`, `created_at`) VALUES (7, 96, 1, '2020-02-25 17:20:00');
INSERT INTO `likes` (`id`, `author_id`, `id_type_content_like`, `created_at`) VALUES (8, 11, 3, '2004-10-12 12:16:47');
INSERT INTO `likes` (`id`, `author_id`, `id_type_content_like`, `created_at`) VALUES (9, 39, 3, '1974-09-24 20:40:43');
INSERT INTO `likes` (`id`, `author_id`, `id_type_content_like`, `created_at`) VALUES (10, 70, 2, '2006-12-01 10:24:39');
INSERT INTO `likes` (`id`, `author_id`, `id_type_content_like`, `created_at`) VALUES (11, 79, 3, '1993-10-02 21:48:43');
INSERT INTO `likes` (`id`, `author_id`, `id_type_content_like`, `created_at`) VALUES (12, 97, 1, '1991-02-02 08:06:24');
INSERT INTO `likes` (`id`, `author_id`, `id_type_content_like`, `created_at`) VALUES (13, 63, 2, '1988-08-04 23:02:25');
INSERT INTO `likes` (`id`, `author_id`, `id_type_content_like`, `created_at`) VALUES (14, 64, 1, '1997-09-28 10:13:00');
INSERT INTO `likes` (`id`, `author_id`, `id_type_content_like`, `created_at`) VALUES (15, 48, 3, '1994-04-02 08:10:18');
INSERT INTO `likes` (`id`, `author_id`, `id_type_content_like`, `created_at`) VALUES (16, 71, 1, '1991-11-29 17:31:46');
INSERT INTO `likes` (`id`, `author_id`, `id_type_content_like`, `created_at`) VALUES (17, 43, 1, '1976-11-13 18:12:22');
INSERT INTO `likes` (`id`, `author_id`, `id_type_content_like`, `created_at`) VALUES (18, 66, 1, '2014-06-19 15:32:38');
INSERT INTO `likes` (`id`, `author_id`, `id_type_content_like`, `created_at`) VALUES (19, 56, 2, '1993-06-01 17:14:17');
INSERT INTO `likes` (`id`, `author_id`, `id_type_content_like`, `created_at`) VALUES (20, 44, 1, '2001-02-06 01:28:10');
INSERT INTO `likes` (`id`, `author_id`, `id_type_content_like`, `created_at`) VALUES (21, 49, 3, '2019-11-02 17:38:53');
INSERT INTO `likes` (`id`, `author_id`, `id_type_content_like`, `created_at`) VALUES (22, 81, 2, '2012-05-27 10:03:56');
INSERT INTO `likes` (`id`, `author_id`, `id_type_content_like`, `created_at`) VALUES (23, 52, 2, '2009-01-08 06:33:56');
INSERT INTO `likes` (`id`, `author_id`, `id_type_content_like`, `created_at`) VALUES (24, 9, 2, '2004-03-01 18:23:01');
INSERT INTO `likes` (`id`, `author_id`, `id_type_content_like`, `created_at`) VALUES (25, 62, 3, '2002-08-02 16:44:30');
INSERT INTO `likes` (`id`, `author_id`, `id_type_content_like`, `created_at`) VALUES (26, 31, 3, '1998-02-14 20:49:33');
INSERT INTO `likes` (`id`, `author_id`, `id_type_content_like`, `created_at`) VALUES (27, 72, 3, '2016-12-31 18:22:30');
INSERT INTO `likes` (`id`, `author_id`, `id_type_content_like`, `created_at`) VALUES (28, 33, 2, '1995-11-10 14:01:49');
INSERT INTO `likes` (`id`, `author_id`, `id_type_content_like`, `created_at`) VALUES (29, 95, 1, '1981-01-08 16:43:33');
INSERT INTO `likes` (`id`, `author_id`, `id_type_content_like`, `created_at`) VALUES (30, 65, 2, '1973-06-13 08:00:58');
INSERT INTO `likes` (`id`, `author_id`, `id_type_content_like`, `created_at`) VALUES (31, 88, 1, '2001-01-20 19:53:59');
INSERT INTO `likes` (`id`, `author_id`, `id_type_content_like`, `created_at`) VALUES (32, 22, 1, '1978-09-09 03:22:56');
INSERT INTO `likes` (`id`, `author_id`, `id_type_content_like`, `created_at`) VALUES (33, 67, 1, '2017-12-11 15:54:05');
INSERT INTO `likes` (`id`, `author_id`, `id_type_content_like`, `created_at`) VALUES (34, 76, 2, '1981-06-02 11:06:45');
INSERT INTO `likes` (`id`, `author_id`, `id_type_content_like`, `created_at`) VALUES (35, 5, 3, '1988-10-15 13:03:20');
INSERT INTO `likes` (`id`, `author_id`, `id_type_content_like`, `created_at`) VALUES (36, 56, 2, '1976-06-29 01:58:40');
INSERT INTO `likes` (`id`, `author_id`, `id_type_content_like`, `created_at`) VALUES (37, 11, 3, '1989-02-22 04:39:24');
INSERT INTO `likes` (`id`, `author_id`, `id_type_content_like`, `created_at`) VALUES (38, 60, 3, '1992-06-15 20:54:14');
INSERT INTO `likes` (`id`, `author_id`, `id_type_content_like`, `created_at`) VALUES (39, 85, 3, '1995-04-25 20:25:50');
INSERT INTO `likes` (`id`, `author_id`, `id_type_content_like`, `created_at`) VALUES (40, 90, 2, '2002-03-21 21:30:13');
INSERT INTO `likes` (`id`, `author_id`, `id_type_content_like`, `created_at`) VALUES (41, 87, 2, '2017-01-02 15:58:55');
INSERT INTO `likes` (`id`, `author_id`, `id_type_content_like`, `created_at`) VALUES (42, 32, 1, '1973-11-25 06:38:47');
INSERT INTO `likes` (`id`, `author_id`, `id_type_content_like`, `created_at`) VALUES (43, 100, 3, '2002-07-30 21:12:16');
INSERT INTO `likes` (`id`, `author_id`, `id_type_content_like`, `created_at`) VALUES (44, 13, 2, '1972-06-24 17:15:28');
INSERT INTO `likes` (`id`, `author_id`, `id_type_content_like`, `created_at`) VALUES (45, 54, 1, '1973-08-04 10:12:25');
INSERT INTO `likes` (`id`, `author_id`, `id_type_content_like`, `created_at`) VALUES (46, 15, 3, '2015-02-18 09:27:17');
INSERT INTO `likes` (`id`, `author_id`, `id_type_content_like`, `created_at`) VALUES (47, 21, 3, '1992-11-01 08:52:26');
INSERT INTO `likes` (`id`, `author_id`, `id_type_content_like`, `created_at`) VALUES (48, 1, 1, '1970-01-24 12:33:51');
INSERT INTO `likes` (`id`, `author_id`, `id_type_content_like`, `created_at`) VALUES (49, 36, 3, '1971-10-08 18:34:35');
INSERT INTO `likes` (`id`, `author_id`, `id_type_content_like`, `created_at`) VALUES (50, 97, 1, '1986-09-13 01:34:17');
INSERT INTO `likes` (`id`, `author_id`, `id_type_content_like`, `created_at`) VALUES (51, 73, 1, '1971-06-27 00:25:18');
INSERT INTO `likes` (`id`, `author_id`, `id_type_content_like`, `created_at`) VALUES (52, 43, 1, '1975-01-21 19:17:29');
INSERT INTO `likes` (`id`, `author_id`, `id_type_content_like`, `created_at`) VALUES (53, 35, 3, '1982-06-26 04:57:09');
INSERT INTO `likes` (`id`, `author_id`, `id_type_content_like`, `created_at`) VALUES (54, 16, 2, '2012-12-18 17:18:50');
INSERT INTO `likes` (`id`, `author_id`, `id_type_content_like`, `created_at`) VALUES (55, 16, 3, '1994-04-17 13:38:19');
INSERT INTO `likes` (`id`, `author_id`, `id_type_content_like`, `created_at`) VALUES (56, 47, 1, '1972-01-30 19:33:55');
INSERT INTO `likes` (`id`, `author_id`, `id_type_content_like`, `created_at`) VALUES (57, 67, 3, '1994-06-18 16:41:54');
INSERT INTO `likes` (`id`, `author_id`, `id_type_content_like`, `created_at`) VALUES (58, 78, 2, '2003-06-01 04:49:31');
INSERT INTO `likes` (`id`, `author_id`, `id_type_content_like`, `created_at`) VALUES (59, 27, 1, '1994-06-23 07:56:05');
INSERT INTO `likes` (`id`, `author_id`, `id_type_content_like`, `created_at`) VALUES (60, 40, 3, '1983-03-26 21:52:38');
INSERT INTO `likes` (`id`, `author_id`, `id_type_content_like`, `created_at`) VALUES (61, 75, 2, '1988-10-11 14:01:46');
INSERT INTO `likes` (`id`, `author_id`, `id_type_content_like`, `created_at`) VALUES (62, 78, 3, '2014-06-04 16:24:03');
INSERT INTO `likes` (`id`, `author_id`, `id_type_content_like`, `created_at`) VALUES (63, 78, 3, '1994-08-16 10:16:46');
INSERT INTO `likes` (`id`, `author_id`, `id_type_content_like`, `created_at`) VALUES (64, 57, 3, '2001-12-25 20:56:22');
INSERT INTO `likes` (`id`, `author_id`, `id_type_content_like`, `created_at`) VALUES (65, 99, 3, '1989-08-16 07:58:23');
INSERT INTO `likes` (`id`, `author_id`, `id_type_content_like`, `created_at`) VALUES (66, 59, 1, '1981-07-10 20:04:55');
INSERT INTO `likes` (`id`, `author_id`, `id_type_content_like`, `created_at`) VALUES (67, 7, 1, '1994-07-09 02:59:40');
INSERT INTO `likes` (`id`, `author_id`, `id_type_content_like`, `created_at`) VALUES (68, 13, 3, '1989-01-27 14:07:05');
INSERT INTO `likes` (`id`, `author_id`, `id_type_content_like`, `created_at`) VALUES (69, 85, 2, '2002-10-13 06:55:35');
INSERT INTO `likes` (`id`, `author_id`, `id_type_content_like`, `created_at`) VALUES (70, 31, 2, '2012-08-03 20:40:36');
INSERT INTO `likes` (`id`, `author_id`, `id_type_content_like`, `created_at`) VALUES (71, 99, 3, '1999-01-26 00:54:28');
INSERT INTO `likes` (`id`, `author_id`, `id_type_content_like`, `created_at`) VALUES (72, 95, 3, '1972-09-13 20:06:01');
INSERT INTO `likes` (`id`, `author_id`, `id_type_content_like`, `created_at`) VALUES (73, 11, 3, '1994-08-09 13:17:17');
INSERT INTO `likes` (`id`, `author_id`, `id_type_content_like`, `created_at`) VALUES (74, 29, 3, '1982-01-19 06:07:14');
INSERT INTO `likes` (`id`, `author_id`, `id_type_content_like`, `created_at`) VALUES (75, 29, 1, '1997-04-13 01:22:41');
INSERT INTO `likes` (`id`, `author_id`, `id_type_content_like`, `created_at`) VALUES (76, 11, 3, '2006-05-28 00:50:47');
INSERT INTO `likes` (`id`, `author_id`, `id_type_content_like`, `created_at`) VALUES (77, 78, 1, '2016-09-02 17:55:42');
INSERT INTO `likes` (`id`, `author_id`, `id_type_content_like`, `created_at`) VALUES (78, 6, 1, '2013-01-25 06:56:35');
INSERT INTO `likes` (`id`, `author_id`, `id_type_content_like`, `created_at`) VALUES (79, 27, 3, '1975-06-16 21:40:43');
INSERT INTO `likes` (`id`, `author_id`, `id_type_content_like`, `created_at`) VALUES (80, 26, 1, '1975-09-14 10:39:16');
INSERT INTO `likes` (`id`, `author_id`, `id_type_content_like`, `created_at`) VALUES (81, 98, 2, '2015-09-24 14:36:49');
INSERT INTO `likes` (`id`, `author_id`, `id_type_content_like`, `created_at`) VALUES (82, 26, 1, '1985-07-07 07:45:39');
INSERT INTO `likes` (`id`, `author_id`, `id_type_content_like`, `created_at`) VALUES (83, 87, 3, '1982-04-25 11:54:14');
INSERT INTO `likes` (`id`, `author_id`, `id_type_content_like`, `created_at`) VALUES (84, 34, 2, '2016-06-06 07:31:50');
INSERT INTO `likes` (`id`, `author_id`, `id_type_content_like`, `created_at`) VALUES (85, 69, 1, '1972-03-02 00:26:33');
INSERT INTO `likes` (`id`, `author_id`, `id_type_content_like`, `created_at`) VALUES (86, 25, 1, '1973-11-18 02:26:42');
INSERT INTO `likes` (`id`, `author_id`, `id_type_content_like`, `created_at`) VALUES (87, 33, 2, '1995-02-13 18:08:25');
INSERT INTO `likes` (`id`, `author_id`, `id_type_content_like`, `created_at`) VALUES (88, 1, 3, '1971-08-20 08:21:16');
INSERT INTO `likes` (`id`, `author_id`, `id_type_content_like`, `created_at`) VALUES (89, 53, 1, '1997-07-12 19:58:06');
INSERT INTO `likes` (`id`, `author_id`, `id_type_content_like`, `created_at`) VALUES (90, 9, 3, '1979-10-20 07:40:02');
INSERT INTO `likes` (`id`, `author_id`, `id_type_content_like`, `created_at`) VALUES (91, 92, 1, '2014-05-29 10:54:52');
INSERT INTO `likes` (`id`, `author_id`, `id_type_content_like`, `created_at`) VALUES (92, 32, 1, '1988-08-23 18:57:34');
INSERT INTO `likes` (`id`, `author_id`, `id_type_content_like`, `created_at`) VALUES (93, 86, 1, '2006-10-18 00:52:11');
INSERT INTO `likes` (`id`, `author_id`, `id_type_content_like`, `created_at`) VALUES (94, 77, 1, '2004-06-25 16:30:39');
INSERT INTO `likes` (`id`, `author_id`, `id_type_content_like`, `created_at`) VALUES (95, 32, 3, '2010-03-30 20:19:04');
INSERT INTO `likes` (`id`, `author_id`, `id_type_content_like`, `created_at`) VALUES (96, 87, 2, '2003-04-07 08:23:18');
INSERT INTO `likes` (`id`, `author_id`, `id_type_content_like`, `created_at`) VALUES (97, 38, 1, '1986-05-12 19:48:59');
INSERT INTO `likes` (`id`, `author_id`, `id_type_content_like`, `created_at`) VALUES (98, 12, 2, '2006-09-13 20:40:40');
INSERT INTO `likes` (`id`, `author_id`, `id_type_content_like`, `created_at`) VALUES (99, 28, 2, '1978-07-04 23:43:02');
INSERT INTO `likes` (`id`, `author_id`, `id_type_content_like`, `created_at`) VALUES (100, 74, 1, '1995-05-28 03:50:51');


#
# TABLE STRUCTURE FOR: posts
#

DROP TABLE IF EXISTS `posts`;

CREATE TABLE `posts` (
  `id` int(10) unsigned NOT NULL AUTO_INCREMENT,
  `author_id` int(10) unsigned NOT NULL,
  `media_id` int(10) unsigned DEFAULT NULL,
  `body` text COLLATE utf8_unicode_ci NOT NULL,
  `created_at` datetime DEFAULT current_timestamp(),
  PRIMARY KEY (`id`)
) ENGINE=InnoDB AUTO_INCREMENT=101 DEFAULT CHARSET=utf8 COLLATE=utf8_unicode_ci;

INSERT INTO `posts` (`id`, `author_id`, `media_id`, `body`, `created_at`) VALUES (1, 88, 80, 'Sed dolores sunt magnam vitae repellat libero. Nostrum aut quia ex ut. Doloremque veniam ex sint.', '1974-05-29 05:18:44');
INSERT INTO `posts` (`id`, `author_id`, `media_id`, `body`, `created_at`) VALUES (2, 2, 74, 'Illum animi nihil omnis est aut commodi labore. Perferendis dicta facilis incidunt et. Perspiciatis libero ut et magni. Voluptatem veniam doloribus culpa et.', '1984-09-18 14:23:15');
INSERT INTO `posts` (`id`, `author_id`, `media_id`, `body`, `created_at`) VALUES (3, 50, 61, 'Maxime eum assumenda est reprehenderit et distinctio hic. Voluptatem autem sint ullam eaque ut laborum quo. Incidunt quis debitis omnis iusto sunt consectetur doloribus. At facere necessitatibus eligendi quisquam nihil.', '2005-05-14 12:54:15');
INSERT INTO `posts` (`id`, `author_id`, `media_id`, `body`, `created_at`) VALUES (4, 16, 58, 'Ut ut ducimus asperiores eius. Accusamus tempore quos mollitia magnam tenetur. Neque modi accusantium veniam officia.', '1974-01-04 03:26:33');
INSERT INTO `posts` (`id`, `author_id`, `media_id`, `body`, `created_at`) VALUES (5, 37, 62, 'Maxime laudantium adipisci eos minus voluptatibus esse quaerat cupiditate. Repellendus sit ullam delectus eius. Neque iure voluptatem neque quaerat tenetur. Enim quo et provident aut et eos explicabo quis.', '1999-04-06 20:21:08');
INSERT INTO `posts` (`id`, `author_id`, `media_id`, `body`, `created_at`) VALUES (6, 17, 43, 'Vitae quis dolores quam. Alias enim deleniti soluta et velit quod. Cupiditate illum sint sed qui nesciunt id. Iure architecto dolorem labore inventore officia qui voluptate. Id non voluptate in odio est ratione ut harum.', '1970-02-18 09:50:06');
INSERT INTO `posts` (`id`, `author_id`, `media_id`, `body`, `created_at`) VALUES (7, 89, 38, 'Occaecati accusantium cumque modi corrupti et at. Et officiis repellendus sit voluptatem autem. Saepe atque earum necessitatibus natus.', '1995-01-24 12:07:49');
INSERT INTO `posts` (`id`, `author_id`, `media_id`, `body`, `created_at`) VALUES (8, 42, 25, 'Rerum ad totam nulla ratione. Incidunt ea iste ut nulla eos rerum. Laudantium non repudiandae facilis sequi earum.', '2012-09-24 23:36:26');
INSERT INTO `posts` (`id`, `author_id`, `media_id`, `body`, `created_at`) VALUES (9, 26, 5, 'Aut id itaque eos ut optio et voluptas. Qui accusamus asperiores blanditiis nobis neque. Aut iste eligendi laborum enim.', '2007-09-12 07:53:28');
INSERT INTO `posts` (`id`, `author_id`, `media_id`, `body`, `created_at`) VALUES (10, 40, 96, 'Adipisci non enim sequi et. Fugit quibusdam dolorum eveniet reiciendis quia. Asperiores qui consectetur et quaerat aliquam. Unde quia magnam quaerat sit et distinctio.', '1984-04-19 08:41:30');
INSERT INTO `posts` (`id`, `author_id`, `media_id`, `body`, `created_at`) VALUES (11, 8, 55, 'Est exercitationem voluptatum quod rem. Consequatur culpa vel ab possimus dolorum. Qui rerum beatae aspernatur dolorum corrupti.', '2019-06-21 02:19:20');
INSERT INTO `posts` (`id`, `author_id`, `media_id`, `body`, `created_at`) VALUES (12, 50, 10, 'Exercitationem accusantium nemo dolorem sint eaque. Eaque ut aut atque corporis. Qui praesentium ea repellendus exercitationem. Placeat sed earum est minima aliquam sint officia.', '1985-02-22 18:31:13');
INSERT INTO `posts` (`id`, `author_id`, `media_id`, `body`, `created_at`) VALUES (13, 94, 6, 'Quia blanditiis nulla dolorem. Voluptates aut et ut necessitatibus tenetur et fuga. Dolores culpa totam magnam eveniet ut. Odit inventore necessitatibus nulla quos et molestiae enim.', '2003-05-26 18:44:27');
INSERT INTO `posts` (`id`, `author_id`, `media_id`, `body`, `created_at`) VALUES (14, 65, 21, 'Ea deleniti corrupti et optio facilis laborum. Qui architecto dolor ut perspiciatis blanditiis voluptas. Quae rem cumque quaerat et.', '2006-09-08 20:20:04');
INSERT INTO `posts` (`id`, `author_id`, `media_id`, `body`, `created_at`) VALUES (15, 91, 100, 'Labore dolor et distinctio deleniti quia fuga autem recusandae. Consequatur consequatur optio dignissimos voluptatem. Iure quia iure pariatur voluptas ullam qui rem repudiandae. Quia itaque quis maiores.', '2008-06-20 04:47:19');
INSERT INTO `posts` (`id`, `author_id`, `media_id`, `body`, `created_at`) VALUES (16, 27, 73, 'Et est nemo vero fugiat illum et dolorem. Fugit quidem sit debitis ratione natus natus. Ut deserunt illum quo voluptatum quidem eos earum provident. Quia quia qui consequatur impedit sed nihil laboriosam et.', '2013-06-30 11:14:19');
INSERT INTO `posts` (`id`, `author_id`, `media_id`, `body`, `created_at`) VALUES (17, 18, 1, 'Repellendus cupiditate sint est saepe unde id asperiores qui. Sed ut accusantium qui sequi. Error qui repellat sint laudantium repudiandae tempora recusandae.', '1980-07-11 15:28:09');
INSERT INTO `posts` (`id`, `author_id`, `media_id`, `body`, `created_at`) VALUES (18, 19, 47, 'Voluptates aut illum est illum. In sed et soluta et ab.', '1972-08-21 19:14:39');
INSERT INTO `posts` (`id`, `author_id`, `media_id`, `body`, `created_at`) VALUES (19, 33, 27, 'Odio accusamus facilis minus ut qui est aut. Recusandae accusantium corrupti recusandae est voluptatem illo. Velit corporis molestias non similique.', '2002-05-01 13:04:16');
INSERT INTO `posts` (`id`, `author_id`, `media_id`, `body`, `created_at`) VALUES (20, 70, 21, 'Dignissimos dignissimos iusto rerum voluptas quia. Voluptatum error voluptatum ea. Illo qui cupiditate voluptate. Sit deleniti est sit.', '2018-08-08 01:46:37');
INSERT INTO `posts` (`id`, `author_id`, `media_id`, `body`, `created_at`) VALUES (21, 60, 26, 'Doloremque beatae eius provident iusto error dolorem praesentium. Quasi eveniet quasi odit est dolores nam dolorem atque. Voluptatum est eveniet enim numquam qui cupiditate expedita. Hic voluptatem eveniet enim minima facilis nobis saepe.', '1978-01-19 03:38:25');
INSERT INTO `posts` (`id`, `author_id`, `media_id`, `body`, `created_at`) VALUES (22, 14, 37, 'Ad consequatur exercitationem rem ullam dolores aut similique eveniet. Magni fugit autem tenetur sit libero facilis reprehenderit.', '1993-09-19 04:25:17');
INSERT INTO `posts` (`id`, `author_id`, `media_id`, `body`, `created_at`) VALUES (23, 41, 13, 'Iste odit ipsam et inventore quisquam voluptatum est. Nisi dolor unde commodi. Officia nulla omnis aut quibusdam sed.', '1987-01-14 08:08:40');
INSERT INTO `posts` (`id`, `author_id`, `media_id`, `body`, `created_at`) VALUES (24, 23, 56, 'Consequuntur quod debitis labore non. Consequatur et amet reprehenderit rem fugit. Inventore aut voluptatum at enim inventore nulla nobis.', '2002-05-30 04:21:38');
INSERT INTO `posts` (`id`, `author_id`, `media_id`, `body`, `created_at`) VALUES (25, 65, 82, 'Omnis temporibus quibusdam aliquam voluptatem ad aperiam magni ut. Itaque saepe beatae qui possimus ut. Quo quia dolor pariatur facere adipisci quae. Rerum porro voluptatem voluptatem sint dolores.', '1995-11-30 01:27:19');
INSERT INTO `posts` (`id`, `author_id`, `media_id`, `body`, `created_at`) VALUES (26, 12, 4, 'Asperiores minima pariatur et reiciendis. Beatae nam nobis et aut ut. Quibusdam aut quos consequatur animi ab rerum.', '1978-10-27 13:15:18');
INSERT INTO `posts` (`id`, `author_id`, `media_id`, `body`, `created_at`) VALUES (27, 49, 82, 'Aut autem dignissimos sed eos et autem quia consequatur. Rerum veniam labore quia quisquam enim velit error ut. Commodi fugit odio ullam voluptas et quo repudiandae.', '1970-01-02 01:12:17');
INSERT INTO `posts` (`id`, `author_id`, `media_id`, `body`, `created_at`) VALUES (28, 78, 51, 'Ipsa dolores amet molestiae laudantium id cupiditate. Rerum repellat nihil soluta quam facere. Laudantium hic temporibus temporibus rerum.', '2013-08-11 06:51:09');
INSERT INTO `posts` (`id`, `author_id`, `media_id`, `body`, `created_at`) VALUES (29, 96, 95, 'Tempora ipsam quo reiciendis iure omnis consequatur et est. Fugit iure aut quidem quo. Facilis debitis ut sit iure consequuntur aperiam iure. Corporis quam eos et distinctio tenetur necessitatibus eaque perspiciatis.', '2012-11-22 03:55:09');
INSERT INTO `posts` (`id`, `author_id`, `media_id`, `body`, `created_at`) VALUES (30, 2, 91, 'Omnis temporibus porro atque non nam et qui nam. Quia maxime pariatur dignissimos accusantium nam. Tempora nisi et minima exercitationem. Nihil sunt excepturi ea recusandae magni.', '2014-09-21 18:11:46');
INSERT INTO `posts` (`id`, `author_id`, `media_id`, `body`, `created_at`) VALUES (31, 61, 16, 'Architecto quaerat quae accusantium quia. Dolores vero quia eius possimus. Nostrum reiciendis earum asperiores eum. Aut quaerat eos impedit consequatur beatae. Magni pariatur quod voluptatem.', '1982-01-03 08:28:56');
INSERT INTO `posts` (`id`, `author_id`, `media_id`, `body`, `created_at`) VALUES (32, 32, 58, 'Omnis ratione minima enim non corrupti. Vel repellendus odio placeat rerum est.', '1994-07-05 19:26:02');
INSERT INTO `posts` (`id`, `author_id`, `media_id`, `body`, `created_at`) VALUES (33, 91, 54, 'Quidem quia et et necessitatibus. Et quia et et est ullam aperiam. Molestiae enim doloribus voluptatum eum nisi dolores. Repudiandae sed non laborum ut eos.', '1972-05-25 00:10:02');
INSERT INTO `posts` (`id`, `author_id`, `media_id`, `body`, `created_at`) VALUES (34, 85, 63, 'In temporibus nobis tenetur. Ipsam esse sit magnam error cum. Quod consequuntur perspiciatis a excepturi qui nisi.', '2006-12-28 17:48:13');
INSERT INTO `posts` (`id`, `author_id`, `media_id`, `body`, `created_at`) VALUES (35, 67, 77, 'Harum et aut odit et nihil est. Reiciendis sit omnis perferendis eligendi nisi. Magnam modi consequatur facilis saepe debitis. Deserunt placeat autem fuga magni et.', '2008-07-10 12:26:29');
INSERT INTO `posts` (`id`, `author_id`, `media_id`, `body`, `created_at`) VALUES (36, 13, 25, 'Deleniti voluptatem cum placeat molestiae. Quia quia iusto quia nihil et.', '2004-01-15 15:14:09');
INSERT INTO `posts` (`id`, `author_id`, `media_id`, `body`, `created_at`) VALUES (37, 19, 90, 'Ut sapiente ea ut omnis praesentium. Et dolorem qui architecto dolor. Voluptas aut laboriosam temporibus adipisci.', '1986-12-02 07:49:09');
INSERT INTO `posts` (`id`, `author_id`, `media_id`, `body`, `created_at`) VALUES (38, 89, 49, 'Qui minima rerum nisi quasi enim tempora. Suscipit autem quibusdam totam debitis et. Neque est repellendus asperiores ipsa. Reprehenderit sed quia voluptas quisquam eligendi ipsam. Nostrum tempora velit sit.', '2019-09-01 02:10:30');
INSERT INTO `posts` (`id`, `author_id`, `media_id`, `body`, `created_at`) VALUES (39, 37, 79, 'Et non ut nobis sint quasi. Quibusdam vitae voluptatem qui saepe non laborum. Voluptatem sed atque cum quasi odio. Minima ratione animi modi assumenda minus eum.', '1985-11-23 07:25:45');
INSERT INTO `posts` (`id`, `author_id`, `media_id`, `body`, `created_at`) VALUES (40, 34, 36, 'Voluptas suscipit hic dolores soluta occaecati nihil porro. Quasi eos voluptas distinctio quae adipisci. Aliquid corporis vel et et eveniet inventore iure. Sed dolor provident quas non sint aut sit. Odio animi qui assumenda illum aliquid suscipit corporis.', '2003-09-06 00:58:42');
INSERT INTO `posts` (`id`, `author_id`, `media_id`, `body`, `created_at`) VALUES (41, 68, 62, 'Dolorem nihil velit unde quam reprehenderit dolore sunt iure. Sapiente rem ut dolorem aut non ut qui. Ipsam cumque sit illo sint laborum animi. Qui nemo officia eos animi.', '1990-08-19 23:32:23');
INSERT INTO `posts` (`id`, `author_id`, `media_id`, `body`, `created_at`) VALUES (42, 86, 54, 'Eos nobis iusto est et dolorum soluta voluptatem. Rerum dolores non modi facere.', '1997-04-04 16:28:23');
INSERT INTO `posts` (`id`, `author_id`, `media_id`, `body`, `created_at`) VALUES (43, 63, 17, 'Eius repellendus vel est optio iure architecto. Placeat debitis quis rerum inventore amet. Provident pariatur praesentium fuga enim quas sunt in.', '1981-09-18 09:37:24');
INSERT INTO `posts` (`id`, `author_id`, `media_id`, `body`, `created_at`) VALUES (44, 23, 87, 'Saepe voluptas facere aut corrupti. Iusto quis saepe commodi rerum quia sunt et.', '1988-07-31 03:04:50');
INSERT INTO `posts` (`id`, `author_id`, `media_id`, `body`, `created_at`) VALUES (45, 48, 65, 'Aspernatur accusamus sed quibusdam quia sed beatae. Aliquam sint id et porro voluptas. Veritatis sed voluptas velit tenetur.', '2011-10-03 16:53:02');
INSERT INTO `posts` (`id`, `author_id`, `media_id`, `body`, `created_at`) VALUES (46, 48, 68, 'Qui asperiores et quo porro et corporis ex. A culpa sapiente maxime ut. Exercitationem incidunt enim iure aspernatur. Eaque cupiditate illum et eveniet sint reiciendis eum fugit.', '1972-03-21 13:58:06');
INSERT INTO `posts` (`id`, `author_id`, `media_id`, `body`, `created_at`) VALUES (47, 60, 76, 'Pariatur aliquam deserunt alias quasi saepe hic. Commodi quia magnam quibusdam aut et rem nobis. Veniam fugiat sequi consequatur commodi aliquam in aspernatur in. Illo corporis est dignissimos qui incidunt est maxime.', '1997-11-07 04:20:58');
INSERT INTO `posts` (`id`, `author_id`, `media_id`, `body`, `created_at`) VALUES (48, 14, 25, 'Dolorum quibusdam quo facilis aut sit. Quo sit et nobis esse earum qui et.', '1971-06-24 21:30:30');
INSERT INTO `posts` (`id`, `author_id`, `media_id`, `body`, `created_at`) VALUES (49, 53, 53, 'Consequatur quisquam consequatur nostrum. Voluptatum sapiente ut dignissimos. Molestiae quos sit quod sit.', '2005-10-18 09:39:40');
INSERT INTO `posts` (`id`, `author_id`, `media_id`, `body`, `created_at`) VALUES (50, 25, 48, 'Harum et neque architecto dolores repellat dignissimos. Non explicabo voluptas natus et. Qui voluptatem qui et consequatur iste.', '2010-03-19 10:32:13');
INSERT INTO `posts` (`id`, `author_id`, `media_id`, `body`, `created_at`) VALUES (51, 82, 18, 'Animi ab excepturi at adipisci. Unde possimus ut quas in cum asperiores ratione.', '2006-07-05 20:23:39');
INSERT INTO `posts` (`id`, `author_id`, `media_id`, `body`, `created_at`) VALUES (52, 1, 30, 'Dicta aut sint deserunt maiores ut. Quisquam voluptatem et cum fuga aut. Quam sapiente ea ab labore veritatis quidem.', '2012-05-21 09:45:24');
INSERT INTO `posts` (`id`, `author_id`, `media_id`, `body`, `created_at`) VALUES (53, 54, 64, 'Sed tempora assumenda quis eaque temporibus. Iste optio nemo sit est. Voluptatem corporis hic et vitae amet fugit.', '2009-02-06 15:32:53');
INSERT INTO `posts` (`id`, `author_id`, `media_id`, `body`, `created_at`) VALUES (54, 18, 20, 'Odio itaque nesciunt dolores perspiciatis illum quo. Voluptas vel debitis omnis. Dolorem dolorem ducimus et debitis sit. Delectus sint corrupti beatae aut ducimus quisquam magnam.', '2015-03-10 21:54:48');
INSERT INTO `posts` (`id`, `author_id`, `media_id`, `body`, `created_at`) VALUES (55, 72, 86, 'Accusantium corrupti quos ipsam. Enim omnis distinctio facere reprehenderit aut fuga architecto.', '1988-02-04 17:24:40');
INSERT INTO `posts` (`id`, `author_id`, `media_id`, `body`, `created_at`) VALUES (56, 11, 76, 'Nulla id porro voluptatem possimus quos. Reiciendis blanditiis in numquam libero quisquam. Et earum ad voluptas sed quaerat est. Non iure autem in est officiis voluptatem consequuntur.', '1991-08-06 03:54:03');
INSERT INTO `posts` (`id`, `author_id`, `media_id`, `body`, `created_at`) VALUES (57, 71, 18, 'Culpa esse et corrupti sint quibusdam. Voluptatem neque voluptatem ut fuga. Quia ducimus animi modi accusamus nam porro. Et atque doloribus debitis quibusdam pariatur et et.', '2004-04-02 18:48:20');
INSERT INTO `posts` (`id`, `author_id`, `media_id`, `body`, `created_at`) VALUES (58, 18, 25, 'Sed rerum voluptatem amet neque assumenda culpa. Et veniam nulla laudantium voluptate et animi repudiandae. Sapiente rem ut quibusdam corrupti quibusdam architecto quod.', '2009-08-05 21:34:53');
INSERT INTO `posts` (`id`, `author_id`, `media_id`, `body`, `created_at`) VALUES (59, 86, 72, 'Tempora molestiae accusamus autem error. Voluptas molestiae dolorum aut culpa nostrum ea. Modi saepe voluptatem doloremque rerum et possimus. Aut totam accusamus quod porro cum consequuntur ipsa.', '2015-12-01 04:07:05');
INSERT INTO `posts` (`id`, `author_id`, `media_id`, `body`, `created_at`) VALUES (60, 22, 90, 'Est sed qui quis ducimus tempore sunt. Blanditiis vel qui laborum distinctio omnis dolore. Et neque accusamus omnis maiores.', '2014-10-02 04:31:58');
INSERT INTO `posts` (`id`, `author_id`, `media_id`, `body`, `created_at`) VALUES (61, 37, 33, 'Ipsa nihil sint est quis eveniet beatae. Velit eos unde ipsum. Perspiciatis sit facere odio quae quod voluptatem.', '1998-05-08 17:07:28');
INSERT INTO `posts` (`id`, `author_id`, `media_id`, `body`, `created_at`) VALUES (62, 1, 92, 'Placeat pariatur nostrum atque quo excepturi veritatis. Et voluptas et sit dolor. Quas et voluptatem omnis incidunt et. Illo autem id quo cum.', '2010-04-14 14:21:36');
INSERT INTO `posts` (`id`, `author_id`, `media_id`, `body`, `created_at`) VALUES (63, 72, 22, 'Et quia architecto eos repellat dignissimos. Soluta rerum nihil adipisci incidunt minima. Ratione reiciendis repellendus suscipit molestiae. Nulla quisquam id qui voluptatem.', '1976-10-07 03:54:31');
INSERT INTO `posts` (`id`, `author_id`, `media_id`, `body`, `created_at`) VALUES (64, 2, 92, 'Earum et est totam praesentium. Quos incidunt asperiores aut velit alias. Saepe soluta voluptatem eaque omnis rerum repudiandae molestiae. Qui sit vitae qui non rerum.', '2020-01-12 12:28:42');
INSERT INTO `posts` (`id`, `author_id`, `media_id`, `body`, `created_at`) VALUES (65, 71, 83, 'Autem fugit dolorum vero eum cupiditate voluptatibus aut. Velit quae dolores qui earum molestias sequi dicta. Non sint et et. Blanditiis ut quaerat quae dicta ullam et qui.', '1979-11-08 19:21:49');
INSERT INTO `posts` (`id`, `author_id`, `media_id`, `body`, `created_at`) VALUES (66, 90, 72, 'Minima alias officia alias veniam molestiae aut sint. Aliquam beatae doloremque nisi ratione aut eum maiores. Corrupti voluptatem repellendus aliquid aliquid.', '1986-01-30 02:44:28');
INSERT INTO `posts` (`id`, `author_id`, `media_id`, `body`, `created_at`) VALUES (67, 65, 42, 'Inventore ut inventore quas est doloribus assumenda. Est odit est voluptate dolor quasi. Qui nihil minima et soluta quia. Atque accusantium qui sit ipsam aut.', '2003-12-13 18:13:15');
INSERT INTO `posts` (`id`, `author_id`, `media_id`, `body`, `created_at`) VALUES (68, 11, 97, 'Omnis consequatur amet laborum soluta minima. Quia vel dolores magnam ipsum consequatur.', '1998-10-23 06:32:53');
INSERT INTO `posts` (`id`, `author_id`, `media_id`, `body`, `created_at`) VALUES (69, 89, 22, 'Enim nisi nesciunt possimus eligendi. Labore cum omnis velit omnis saepe illum.', '1996-06-09 04:10:38');
INSERT INTO `posts` (`id`, `author_id`, `media_id`, `body`, `created_at`) VALUES (70, 41, 76, 'Nihil architecto vero laudantium fugit quas. Reiciendis reprehenderit in quidem dolorem accusamus. Tempore iusto voluptatem qui libero. Nemo quis ipsum ipsam voluptas aliquam dolorem.', '2004-03-01 01:01:53');
INSERT INTO `posts` (`id`, `author_id`, `media_id`, `body`, `created_at`) VALUES (71, 74, 24, 'Nihil sunt excepturi qui rerum molestiae et tempore quia. Ex tempora nisi voluptatem repellendus tempora. Dolores autem debitis et minus eum similique voluptas.', '1986-10-13 04:31:19');
INSERT INTO `posts` (`id`, `author_id`, `media_id`, `body`, `created_at`) VALUES (72, 67, 41, 'Iure est dolorum aut quo illum sint rem. Et ipsa aperiam nihil molestias quae. Nisi ipsum veniam dolores labore vel. Iusto ut vero sunt ut.', '1984-06-29 23:07:35');
INSERT INTO `posts` (`id`, `author_id`, `media_id`, `body`, `created_at`) VALUES (73, 59, 50, 'Ut quidem amet aut quis nobis quaerat. Qui ut maxime sint. Placeat praesentium occaecati iusto reprehenderit. Illo eum qui hic laudantium vel est nihil dolorem.', '1979-07-12 20:21:45');
INSERT INTO `posts` (`id`, `author_id`, `media_id`, `body`, `created_at`) VALUES (74, 61, 35, 'Quia sed blanditiis vitae pariatur iste quidem deleniti. Nostrum nihil facilis cumque magnam. Qui minima ut itaque veniam sit aut.', '1989-11-29 20:30:47');
INSERT INTO `posts` (`id`, `author_id`, `media_id`, `body`, `created_at`) VALUES (75, 76, 88, 'Accusamus voluptatem aut quae nihil qui eos ea. Modi ducimus nulla placeat neque facilis incidunt. Aliquam rerum fuga consequatur recusandae dolor odio.', '1978-09-06 18:18:04');
INSERT INTO `posts` (`id`, `author_id`, `media_id`, `body`, `created_at`) VALUES (76, 15, 84, 'Vel voluptatibus autem laboriosam minima consequatur sit. Quasi voluptatem saepe incidunt commodi eum. Aut ducimus voluptatem provident sequi magnam. Temporibus fugiat quis ut dolore et in.', '2004-09-14 06:47:53');
INSERT INTO `posts` (`id`, `author_id`, `media_id`, `body`, `created_at`) VALUES (77, 74, 74, 'Reprehenderit repudiandae autem aut. Sapiente eos eos omnis quos est id libero placeat. Quaerat natus quod exercitationem ut illo.', '1999-12-09 16:34:59');
INSERT INTO `posts` (`id`, `author_id`, `media_id`, `body`, `created_at`) VALUES (78, 43, 34, 'Ut blanditiis sed amet dicta. Doloremque neque vero laudantium aut et. Quam sit aut tenetur enim tempore pariatur.', '2012-11-09 09:25:41');
INSERT INTO `posts` (`id`, `author_id`, `media_id`, `body`, `created_at`) VALUES (79, 95, 47, 'Velit quasi nihil deserunt rem natus et. Harum et iste sed quae qui architecto. Dolorem sit accusantium nulla possimus beatae ratione.', '1971-02-03 08:44:53');
INSERT INTO `posts` (`id`, `author_id`, `media_id`, `body`, `created_at`) VALUES (80, 27, 92, 'Modi occaecati quas ipsa deleniti qui nesciunt. Hic hic qui eum qui cum impedit maxime. Voluptatum est aut dicta quae facilis. Tempore beatae non dolorum quo est neque.', '1997-06-05 07:45:43');
INSERT INTO `posts` (`id`, `author_id`, `media_id`, `body`, `created_at`) VALUES (81, 7, 55, 'Reiciendis ullam illo soluta ipsum iusto aut dolor. Provident exercitationem unde ut et est hic. Dolorem et accusamus nihil adipisci et maxime aliquid.', '1977-02-26 15:42:02');
INSERT INTO `posts` (`id`, `author_id`, `media_id`, `body`, `created_at`) VALUES (82, 90, 49, 'Ab rerum repudiandae dolorem corporis quisquam quos. Et ea sint laudantium. Sed similique voluptatem nihil explicabo. Quam aut quisquam consequatur est qui.', '1983-01-24 07:52:39');
INSERT INTO `posts` (`id`, `author_id`, `media_id`, `body`, `created_at`) VALUES (83, 37, 91, 'Eligendi iste necessitatibus ut saepe quos. Modi esse dolor tenetur. Repudiandae amet et quod maiores alias eligendi aspernatur. Eaque neque labore ut tempora natus molestiae doloribus. Animi incidunt tempore qui impedit unde perspiciatis.', '1982-06-25 23:11:44');
INSERT INTO `posts` (`id`, `author_id`, `media_id`, `body`, `created_at`) VALUES (84, 94, 48, 'Eum aut illo sed vero aut. Alias quia et nisi non doloribus sit a. Aut dolor quis quia.', '1989-01-07 23:53:10');
INSERT INTO `posts` (`id`, `author_id`, `media_id`, `body`, `created_at`) VALUES (85, 73, 76, 'Dolores qui culpa cupiditate et. Ab ipsa qui voluptas necessitatibus aliquid suscipit autem fuga. Aspernatur et corrupti quia dicta praesentium sed maiores est. Tempora ipsa quis veritatis voluptatem minus sed vero.', '2019-05-02 03:41:18');
INSERT INTO `posts` (`id`, `author_id`, `media_id`, `body`, `created_at`) VALUES (86, 15, 15, 'Distinctio eum dolores voluptatum vero. Tenetur quibusdam esse dolores voluptates voluptatem doloribus. Tenetur voluptatem et et.', '2015-02-13 11:33:20');
INSERT INTO `posts` (`id`, `author_id`, `media_id`, `body`, `created_at`) VALUES (87, 70, 45, 'Natus ea magnam nostrum ducimus nobis perspiciatis. Voluptas voluptas sed ut voluptas quasi architecto aut.', '1972-11-03 02:50:12');
INSERT INTO `posts` (`id`, `author_id`, `media_id`, `body`, `created_at`) VALUES (88, 63, 87, 'Sint incidunt dolorem nobis sint quasi accusamus. Animi molestias sit placeat. Similique est veritatis ut impedit. A repellat et omnis quia.', '1979-10-17 09:29:24');
INSERT INTO `posts` (`id`, `author_id`, `media_id`, `body`, `created_at`) VALUES (89, 64, 81, 'Earum rerum reprehenderit similique occaecati. Beatae nihil et sunt ipsam qui natus. Rerum beatae et inventore cumque atque.', '1975-12-03 14:27:37');
INSERT INTO `posts` (`id`, `author_id`, `media_id`, `body`, `created_at`) VALUES (90, 50, 31, 'Temporibus adipisci unde ea laborum quaerat veritatis. Sunt consequatur esse voluptatem consequuntur. Laudantium praesentium ex est praesentium laborum. Vero sunt recusandae possimus dolore et.', '2020-01-08 08:09:39');
INSERT INTO `posts` (`id`, `author_id`, `media_id`, `body`, `created_at`) VALUES (91, 32, 6, 'Et adipisci modi quisquam sed necessitatibus culpa. Delectus unde ab soluta tenetur. Aliquid nostrum et eaque.', '2010-10-11 11:02:28');
INSERT INTO `posts` (`id`, `author_id`, `media_id`, `body`, `created_at`) VALUES (92, 7, 40, 'Sit tenetur explicabo aut omnis ratione. Accusamus sequi accusantium cum voluptatem et ut facilis non. Explicabo voluptate velit voluptate iure unde. Perspiciatis dignissimos aperiam labore deserunt.', '1971-11-27 04:16:58');
INSERT INTO `posts` (`id`, `author_id`, `media_id`, `body`, `created_at`) VALUES (93, 55, 68, 'Possimus occaecati dolorum voluptatem similique earum. Quis facere perspiciatis omnis qui voluptate occaecati alias consequatur. Doloremque magni autem vero velit. Ut reprehenderit veritatis veritatis esse qui numquam.', '1972-04-14 09:36:03');
INSERT INTO `posts` (`id`, `author_id`, `media_id`, `body`, `created_at`) VALUES (94, 45, 0, 'Velit tempore sed quod harum fuga sint et. Hic qui ratione ea molestias veniam minima ut. A dicta consectetur alias facilis rem quo laborum.', '2004-09-10 04:00:46');
INSERT INTO `posts` (`id`, `author_id`, `media_id`, `body`, `created_at`) VALUES (95, 29, 1, 'Exercitationem accusantium distinctio fuga voluptatem saepe et. Ut in aliquid officia repellat enim. Sit consectetur iusto quia hic ratione a.', '2018-04-28 04:44:09');
INSERT INTO `posts` (`id`, `author_id`, `media_id`, `body`, `created_at`) VALUES (96, 53, 22, 'Natus est hic ut rem. Qui illum quae quam nostrum suscipit. Neque voluptate nesciunt possimus ut cumque aut.', '1984-01-12 04:51:44');
INSERT INTO `posts` (`id`, `author_id`, `media_id`, `body`, `created_at`) VALUES (97, 38, 21, 'Accusantium dolorum sit quas ex minima quae voluptatem. Illo similique cumque ad officia ipsam. Est provident aperiam eum praesentium.', '2006-08-28 04:43:38');
INSERT INTO `posts` (`id`, `author_id`, `media_id`, `body`, `created_at`) VALUES (98, 72, 66, 'Rerum voluptas sit expedita quia quam. Nostrum vel earum dolore impedit eaque saepe. Autem et suscipit culpa.', '1999-10-05 13:00:48');
INSERT INTO `posts` (`id`, `author_id`, `media_id`, `body`, `created_at`) VALUES (99, 75, 27, 'Eos modi et vel nihil quam. Est pariatur necessitatibus rem. Officia ut doloremque cupiditate rem. Assumenda sit rerum omnis id odit quaerat exercitationem. Aut id aut accusamus ullam fuga aut dolore expedita.', '1986-08-07 01:11:33');
INSERT INTO `posts` (`id`, `author_id`, `media_id`, `body`, `created_at`) VALUES (100, 16, 81, 'Suscipit mollitia labore vitae ullam ut hic. Consequuntur inventore illum aut. Tenetur earum accusamus sint eos molestiae.', '2005-08-15 21:04:03');


#
# TABLE STRUCTURE FOR: type_content_like
#

DROP TABLE IF EXISTS `type_content_like`;

CREATE TABLE `type_content_like` (
  `id` int(10) unsigned NOT NULL AUTO_INCREMENT,
  `id_media` int(10) unsigned NOT NULL,
  `id_users` int(10) unsigned NOT NULL,
  `id_posts` int(10) unsigned NOT NULL,
  PRIMARY KEY (`id`)
) ENGINE=InnoDB AUTO_INCREMENT=101 DEFAULT CHARSET=utf8 COLLATE=utf8_unicode_ci;

INSERT INTO `type_content_like` (`id`, `id_media`, `id_users`, `id_posts`) VALUES (1, 76, 80, 48);
INSERT INTO `type_content_like` (`id`, `id_media`, `id_users`, `id_posts`) VALUES (2, 27, 82, 7);
INSERT INTO `type_content_like` (`id`, `id_media`, `id_users`, `id_posts`) VALUES (3, 81, 73, 66);
INSERT INTO `type_content_like` (`id`, `id_media`, `id_users`, `id_posts`) VALUES (4, 73, 82, 53);
INSERT INTO `type_content_like` (`id`, `id_media`, `id_users`, `id_posts`) VALUES (5, 40, 94, 18);
INSERT INTO `type_content_like` (`id`, `id_media`, `id_users`, `id_posts`) VALUES (6, 45, 4, 86);
INSERT INTO `type_content_like` (`id`, `id_media`, `id_users`, `id_posts`) VALUES (7, 66, 88, 35);
INSERT INTO `type_content_like` (`id`, `id_media`, `id_users`, `id_posts`) VALUES (8, 51, 76, 26);
INSERT INTO `type_content_like` (`id`, `id_media`, `id_users`, `id_posts`) VALUES (9, 74, 59, 81);
INSERT INTO `type_content_like` (`id`, `id_media`, `id_users`, `id_posts`) VALUES (10, 20, 45, 48);
INSERT INTO `type_content_like` (`id`, `id_media`, `id_users`, `id_posts`) VALUES (11, 68, 6, 57);
INSERT INTO `type_content_like` (`id`, `id_media`, `id_users`, `id_posts`) VALUES (12, 31, 26, 1);
INSERT INTO `type_content_like` (`id`, `id_media`, `id_users`, `id_posts`) VALUES (13, 31, 50, 75);
INSERT INTO `type_content_like` (`id`, `id_media`, `id_users`, `id_posts`) VALUES (14, 15, 3, 29);
INSERT INTO `type_content_like` (`id`, `id_media`, `id_users`, `id_posts`) VALUES (15, 4, 97, 70);
INSERT INTO `type_content_like` (`id`, `id_media`, `id_users`, `id_posts`) VALUES (16, 7, 17, 30);
INSERT INTO `type_content_like` (`id`, `id_media`, `id_users`, `id_posts`) VALUES (17, 36, 17, 96);
INSERT INTO `type_content_like` (`id`, `id_media`, `id_users`, `id_posts`) VALUES (18, 42, 40, 46);
INSERT INTO `type_content_like` (`id`, `id_media`, `id_users`, `id_posts`) VALUES (19, 83, 28, 12);
INSERT INTO `type_content_like` (`id`, `id_media`, `id_users`, `id_posts`) VALUES (20, 23, 75, 64);
INSERT INTO `type_content_like` (`id`, `id_media`, `id_users`, `id_posts`) VALUES (21, 1, 67, 39);
INSERT INTO `type_content_like` (`id`, `id_media`, `id_users`, `id_posts`) VALUES (22, 34, 69, 46);
INSERT INTO `type_content_like` (`id`, `id_media`, `id_users`, `id_posts`) VALUES (23, 52, 39, 37);
INSERT INTO `type_content_like` (`id`, `id_media`, `id_users`, `id_posts`) VALUES (24, 35, 12, 90);
INSERT INTO `type_content_like` (`id`, `id_media`, `id_users`, `id_posts`) VALUES (25, 28, 29, 13);
INSERT INTO `type_content_like` (`id`, `id_media`, `id_users`, `id_posts`) VALUES (26, 97, 96, 70);
INSERT INTO `type_content_like` (`id`, `id_media`, `id_users`, `id_posts`) VALUES (27, 74, 38, 20);
INSERT INTO `type_content_like` (`id`, `id_media`, `id_users`, `id_posts`) VALUES (28, 8, 51, 98);
INSERT INTO `type_content_like` (`id`, `id_media`, `id_users`, `id_posts`) VALUES (29, 73, 70, 8);
INSERT INTO `type_content_like` (`id`, `id_media`, `id_users`, `id_posts`) VALUES (30, 49, 40, 95);
INSERT INTO `type_content_like` (`id`, `id_media`, `id_users`, `id_posts`) VALUES (31, 53, 41, 64);
INSERT INTO `type_content_like` (`id`, `id_media`, `id_users`, `id_posts`) VALUES (32, 65, 31, 46);
INSERT INTO `type_content_like` (`id`, `id_media`, `id_users`, `id_posts`) VALUES (33, 79, 14, 73);
INSERT INTO `type_content_like` (`id`, `id_media`, `id_users`, `id_posts`) VALUES (34, 5, 10, 42);
INSERT INTO `type_content_like` (`id`, `id_media`, `id_users`, `id_posts`) VALUES (35, 33, 36, 31);
INSERT INTO `type_content_like` (`id`, `id_media`, `id_users`, `id_posts`) VALUES (36, 23, 65, 41);
INSERT INTO `type_content_like` (`id`, `id_media`, `id_users`, `id_posts`) VALUES (37, 64, 41, 57);
INSERT INTO `type_content_like` (`id`, `id_media`, `id_users`, `id_posts`) VALUES (38, 50, 23, 63);
INSERT INTO `type_content_like` (`id`, `id_media`, `id_users`, `id_posts`) VALUES (39, 42, 68, 80);
INSERT INTO `type_content_like` (`id`, `id_media`, `id_users`, `id_posts`) VALUES (40, 94, 43, 38);
INSERT INTO `type_content_like` (`id`, `id_media`, `id_users`, `id_posts`) VALUES (41, 41, 85, 8);
INSERT INTO `type_content_like` (`id`, `id_media`, `id_users`, `id_posts`) VALUES (42, 31, 40, 11);
INSERT INTO `type_content_like` (`id`, `id_media`, `id_users`, `id_posts`) VALUES (43, 97, 49, 100);
INSERT INTO `type_content_like` (`id`, `id_media`, `id_users`, `id_posts`) VALUES (44, 52, 69, 39);
INSERT INTO `type_content_like` (`id`, `id_media`, `id_users`, `id_posts`) VALUES (45, 80, 98, 78);
INSERT INTO `type_content_like` (`id`, `id_media`, `id_users`, `id_posts`) VALUES (46, 25, 73, 85);
INSERT INTO `type_content_like` (`id`, `id_media`, `id_users`, `id_posts`) VALUES (47, 33, 1, 45);
INSERT INTO `type_content_like` (`id`, `id_media`, `id_users`, `id_posts`) VALUES (48, 7, 15, 43);
INSERT INTO `type_content_like` (`id`, `id_media`, `id_users`, `id_posts`) VALUES (49, 83, 69, 75);
INSERT INTO `type_content_like` (`id`, `id_media`, `id_users`, `id_posts`) VALUES (50, 97, 60, 58);
INSERT INTO `type_content_like` (`id`, `id_media`, `id_users`, `id_posts`) VALUES (51, 5, 69, 92);
INSERT INTO `type_content_like` (`id`, `id_media`, `id_users`, `id_posts`) VALUES (52, 31, 45, 83);
INSERT INTO `type_content_like` (`id`, `id_media`, `id_users`, `id_posts`) VALUES (53, 81, 35, 43);
INSERT INTO `type_content_like` (`id`, `id_media`, `id_users`, `id_posts`) VALUES (54, 91, 46, 15);
INSERT INTO `type_content_like` (`id`, `id_media`, `id_users`, `id_posts`) VALUES (55, 14, 85, 77);
INSERT INTO `type_content_like` (`id`, `id_media`, `id_users`, `id_posts`) VALUES (56, 76, 19, 53);
INSERT INTO `type_content_like` (`id`, `id_media`, `id_users`, `id_posts`) VALUES (57, 70, 47, 41);
INSERT INTO `type_content_like` (`id`, `id_media`, `id_users`, `id_posts`) VALUES (58, 50, 18, 47);
INSERT INTO `type_content_like` (`id`, `id_media`, `id_users`, `id_posts`) VALUES (59, 16, 63, 27);
INSERT INTO `type_content_like` (`id`, `id_media`, `id_users`, `id_posts`) VALUES (60, 39, 91, 22);
INSERT INTO `type_content_like` (`id`, `id_media`, `id_users`, `id_posts`) VALUES (61, 63, 26, 85);
INSERT INTO `type_content_like` (`id`, `id_media`, `id_users`, `id_posts`) VALUES (62, 30, 51, 6);
INSERT INTO `type_content_like` (`id`, `id_media`, `id_users`, `id_posts`) VALUES (63, 80, 57, 81);
INSERT INTO `type_content_like` (`id`, `id_media`, `id_users`, `id_posts`) VALUES (64, 33, 89, 39);
INSERT INTO `type_content_like` (`id`, `id_media`, `id_users`, `id_posts`) VALUES (65, 26, 25, 9);
INSERT INTO `type_content_like` (`id`, `id_media`, `id_users`, `id_posts`) VALUES (66, 82, 54, 81);
INSERT INTO `type_content_like` (`id`, `id_media`, `id_users`, `id_posts`) VALUES (67, 31, 90, 39);
INSERT INTO `type_content_like` (`id`, `id_media`, `id_users`, `id_posts`) VALUES (68, 25, 99, 28);
INSERT INTO `type_content_like` (`id`, `id_media`, `id_users`, `id_posts`) VALUES (69, 93, 100, 44);
INSERT INTO `type_content_like` (`id`, `id_media`, `id_users`, `id_posts`) VALUES (70, 95, 57, 85);
INSERT INTO `type_content_like` (`id`, `id_media`, `id_users`, `id_posts`) VALUES (71, 93, 75, 93);
INSERT INTO `type_content_like` (`id`, `id_media`, `id_users`, `id_posts`) VALUES (72, 56, 57, 34);
INSERT INTO `type_content_like` (`id`, `id_media`, `id_users`, `id_posts`) VALUES (73, 9, 9, 98);
INSERT INTO `type_content_like` (`id`, `id_media`, `id_users`, `id_posts`) VALUES (74, 94, 79, 81);
INSERT INTO `type_content_like` (`id`, `id_media`, `id_users`, `id_posts`) VALUES (75, 57, 21, 68);
INSERT INTO `type_content_like` (`id`, `id_media`, `id_users`, `id_posts`) VALUES (76, 36, 73, 93);
INSERT INTO `type_content_like` (`id`, `id_media`, `id_users`, `id_posts`) VALUES (77, 33, 15, 72);
INSERT INTO `type_content_like` (`id`, `id_media`, `id_users`, `id_posts`) VALUES (78, 19, 20, 27);
INSERT INTO `type_content_like` (`id`, `id_media`, `id_users`, `id_posts`) VALUES (79, 79, 94, 92);
INSERT INTO `type_content_like` (`id`, `id_media`, `id_users`, `id_posts`) VALUES (80, 12, 72, 94);
INSERT INTO `type_content_like` (`id`, `id_media`, `id_users`, `id_posts`) VALUES (81, 23, 19, 4);
INSERT INTO `type_content_like` (`id`, `id_media`, `id_users`, `id_posts`) VALUES (82, 28, 88, 82);
INSERT INTO `type_content_like` (`id`, `id_media`, `id_users`, `id_posts`) VALUES (83, 28, 90, 75);
INSERT INTO `type_content_like` (`id`, `id_media`, `id_users`, `id_posts`) VALUES (84, 4, 32, 49);
INSERT INTO `type_content_like` (`id`, `id_media`, `id_users`, `id_posts`) VALUES (85, 5, 57, 71);
INSERT INTO `type_content_like` (`id`, `id_media`, `id_users`, `id_posts`) VALUES (86, 95, 29, 6);
INSERT INTO `type_content_like` (`id`, `id_media`, `id_users`, `id_posts`) VALUES (87, 96, 70, 27);
INSERT INTO `type_content_like` (`id`, `id_media`, `id_users`, `id_posts`) VALUES (88, 28, 5, 38);
INSERT INTO `type_content_like` (`id`, `id_media`, `id_users`, `id_posts`) VALUES (89, 54, 52, 38);
INSERT INTO `type_content_like` (`id`, `id_media`, `id_users`, `id_posts`) VALUES (90, 89, 93, 69);
INSERT INTO `type_content_like` (`id`, `id_media`, `id_users`, `id_posts`) VALUES (91, 12, 57, 31);
INSERT INTO `type_content_like` (`id`, `id_media`, `id_users`, `id_posts`) VALUES (92, 63, 88, 72);
INSERT INTO `type_content_like` (`id`, `id_media`, `id_users`, `id_posts`) VALUES (93, 93, 35, 25);
INSERT INTO `type_content_like` (`id`, `id_media`, `id_users`, `id_posts`) VALUES (94, 38, 42, 34);
INSERT INTO `type_content_like` (`id`, `id_media`, `id_users`, `id_posts`) VALUES (95, 69, 3, 68);
INSERT INTO `type_content_like` (`id`, `id_media`, `id_users`, `id_posts`) VALUES (96, 87, 51, 83);
INSERT INTO `type_content_like` (`id`, `id_media`, `id_users`, `id_posts`) VALUES (97, 43, 60, 77);
INSERT INTO `type_content_like` (`id`, `id_media`, `id_users`, `id_posts`) VALUES (98, 59, 9, 12);
INSERT INTO `type_content_like` (`id`, `id_media`, `id_users`, `id_posts`) VALUES (99, 37, 62, 7);
INSERT INTO `type_content_like` (`id`, `id_media`, `id_users`, `id_posts`) VALUES (100, 32, 20, 53);


